{
  "Component-dbg.js": 1634412576993,
  "controller/BaseController.js": 1634412576996,
  "model/models.js": 1634412577007,
  "model/formatter.js": 1634412577006,
  "controller/Worklist.controller.js": 1634412577001,
  "controller/Object.controller.js": 1634412576999,
  "controller/NotFound.controller.js": 1634412576998,
  "controller/ErrorHandler.js": 1634412576997,
  "manifest.json": 1634421883033,
  "controller/App.controller.js": 1634412576995,
  "Component.js": 1634412576993,
  "manifest-bundle.zip": 1634421883054,
  "Component-preload.js": 1634421883497,
  "model/formatter-dbg.js": 1634412577006,
  "model/models-dbg.js": 1634412577007,
  "controller/Worklist-dbg.controller.js": 1634412577001,
  "controller/Object-dbg.controller.js": 1634412576999,
  "controller/NotFound-dbg.controller.js": 1634412576998,
  "controller/ErrorHandler-dbg.js": 1634412576997,
  "controller/BaseController-dbg.js": 1634412576996,
  "controller/App-dbg.controller.js": 1634412576995,
  "i18n/i18n.properties": 1634412577002,
  "view/Worklist.view.xml": 1634412577035,
  "view/ObjectNotFound.view.xml": 1634412577034,
  "view/Object.view.xml": 1634412577033,
  "view/NotFound.view.xml": 1634412577032,
  "view/App.view.xml": 1634412577031,
  "index.html": 1634412577004
}